ENAME,HIREDATE,SAL
SMITH,17-DEC-80,800
ALLEN,20-FEB-81,1600
WARD,22-FEB-81,1250
MARTIN,28-SEP-81,1250
SCOTT,19-APR-87,3000
KING,17-NOV-81,5000
TURNER,08-SEP-81,1500
ADAMS,23-MAY-87,1100
JAMES,03-DEC-81,950
FORD,03-DEC-81,3000
MILLER,23-JAN-82,1300
